,,,,
,,,,
A.,The Salvation Army,"2270 N Clybourn Ave, Chicago, IL ‎",(773) 477-1771 ‎,3.921 reviews $
B.,The Salvation Army,"4800 N Marine Dr, Chicago, IL ‎",(773) 275-6233 ‎,1 review $
C.,The Salvation Army,"3301 W Montrose Ave, Chicago, IL ‎",(773) 588-7343 ‎,4 reviews $
D.,Salvation Army,"506 N Desplaines St, Chicago, IL ‎",(312) 738-4367 ‎,$
E.,Salvation Army,"1 N Ogden Ave, Chicago, IL ‎",(312) 492-6803 ‎,2 reviews $
F.,The Salvation Army,"3837 W Fullerton Ave, Chicago, IL ‎",(773) 276-1955 ‎,4.65 reviews $
G.,The Salvation Army,"2151 W Devon Ave, Chicago, IL ‎",(800) 728-7825 ‎,4 reviews $
H.,Salvation Army,"5112 S Ashland Ave, Chicago, IL ‎",(773) 737-3335 ‎,4 reviews $
I.,Salvation Army Thrift Store,"4141 W North Ave, Chicago, IL ‎",(773) 477-1771 ‎,2 reviews $
J.,Salvation Army Outlet Store,"509 N Union Ave, Chicago, IL ‎",(312) 738-4360 ‎,2.312 reviews $